Task ID,Module,Task Name,Description,Priority,Status,Estimated Hours,Dependencies,Assigned To,Due Date,Tags
AUTH-001,Authentication,Supabase Auth Integration,Integrate Supabase authentication service with login/signup flows,P0,Development Pending,40,None,Backend Team,,backend;auth;critical
AUTH-002,Authentication,JWT Token Management,Implement JWT token generation and refresh mechanism,P0,Development Pending,16,AUTH-001,Backend Team,,backend;auth;critical
AUTH-003,Authentication,RBAC Implementation,Implement role-based access control for Industry/Vendor/Professional roles,P0,Development Pending,32,AUTH-001,Backend Team,,backend;auth;security
AUTH-004,Authentication,Session Persistence,Implement session management and persistence across page reloads,P1,Development Pending,12,AUTH-002,Backend Team,,backend;auth
AUTH-005,Authentication,Password Reset Flow,Connect password reset flow to backend email service,P1,Development Pending,20,AUTH-001,Backend Team,,backend;auth;integration
AUTH-006,Authentication,Email Verification,Implement email verification on signup,P1,Development Pending,16,AUTH-001,Backend Team,,backend;auth;integration
AUTH-007,Authentication,Social Login,Add Google and LinkedIn OAuth login,P2,Development Pending,24,AUTH-001,Backend Team,,backend;auth;integration
AUTH-008,Authentication,Auth Context Tests,Write unit tests for authentication context,P1,Testing Pending,8,AUTH-003,QA Team,,testing;unit
AUTH-009,Authentication,Auth Flow E2E Tests,Write end-to-end tests for complete auth flows,P1,Testing Pending,16,AUTH-003;TEST-001,QA Team,,testing;e2e
AUTH-010,Authentication,Security Penetration Testing,Conduct security audit and penetration testing,P1,Testing Pending,24,AUTH-006,Security Team,,testing;security
REQ-001,Requirements,Auto-Save API,Implement draft auto-save API endpoint,P0,Completed,24,None,Backend Team,,backend;requirements;complete
REQ-002,Requirements,Approval Workflow Backend,Build approval workflow backend with multi-level approvals,P0,Development Pending,40,AUTH-001,Backend Team,,backend;requirements;workflow
REQ-003,Requirements,Requirement Publishing,Build requirement publishing backend logic,P0,Development Pending,32,REQ-002,Backend Team,,backend;requirements
REQ-004,Requirements,Document Upload Storage,Integrate Supabase Storage for requirement document uploads,P0,Integration Pending,20,STOR-001,Backend Team,,integration;storage;requirements
REQ-005,Requirements,Search and Filtering,Build requirement search and filtering backend,P1,Development Pending,32,REQ-003,Backend Team,,backend;requirements;search
REQ-006,Requirements,Requirement Archiving,Implement requirement archiving logic and status management,P2,Development Pending,16,REQ-003,Backend Team,,backend;requirements
REQ-007,Requirements,Requirement Form Tests,Write unit tests for requirement form components,P1,Testing Pending,16,None,QA Team,,testing;unit;requirements
REQ-008,Requirements,Draft Save Integration Tests,Write integration tests for draft save mechanism,P1,Testing Pending,12,REQ-001,QA Team,,testing;integration;requirements
REQ-009,Requirements,Requirement Creation E2E,Write E2E tests for full requirement creation flow,P1,Testing Pending,24,TEST-001,QA Team,,testing;e2e;requirements
REQ-010,Requirements,Real-time Requirement Updates,Integrate Supabase Realtime for live requirement updates,P2,Integration Pending,20,REAL-001,Backend Team,,integration;realtime;requirements
VEND-001,Vendor Management,Vendor Verification Backend,Build vendor verification and approval backend,P0,Development Pending,40,AUTH-001,Backend Team,,backend;vendor;verification
VEND-002,Vendor Management,Vendor Matching Algorithm,Implement vendor-requirement matching algorithm,P1,Development Pending,32,VEND-001,Backend Team,,backend;vendor;ai
VEND-003,Vendor Management,Rating and Review System,Build vendor rating and review system backend,P1,Development Pending,24,VEND-001,Backend Team,,backend;vendor
VEND-004,Vendor Management,Vendor Search Backend,Build vendor search and discovery backend with filters,P1,Development Pending,28,VEND-001,Backend Team,,backend;vendor;search
VEND-005,Vendor Management,Service Catalog Backend,Build service/product catalog management backend,P1,Development Pending,32,VEND-001,Backend Team,,backend;vendor;catalog
VEND-006,Vendor Management,RFQ Response Backend,Build RFQ response and submission backend,P0,Development Pending,28,REQ-003,Backend Team,,backend;vendor;rfq
VEND-007,Vendor Management,Vendor Matching Tests,Write unit tests for vendor matching algorithm,P1,Testing Pending,12,VEND-002,QA Team,,testing;unit;vendor
VEND-008,Vendor Management,Vendor API Integration Tests,Write integration tests for vendor APIs,P1,Testing Pending,16,VEND-001,QA Team,,testing;integration;vendor
VEND-009,Vendor Management,Vendor Signup E2E Tests,Write E2E tests for vendor signup and onboarding,P1,Testing Pending,20,TEST-001,QA Team,,testing;e2e;vendor
VEND-010,Vendor Management,AI Vendor Recommendations,Integrate AI-powered vendor recommendation engine,P2,Integration Pending,40,VEND-002;AI-001,Backend Team,,integration;ai;vendor
QUOT-001,Quotations,Quotation Submission Backend,Build quotation submission backend,P0,Development Pending,32,VEND-006,Backend Team,,backend;quotations
QUOT-002,Quotations,Quotation Comparison Engine,Build quotation comparison and analysis engine,P0,Development Pending,28,QUOT-001,Backend Team,,backend;quotations;comparison
QUOT-003,Quotations,Quote Approval Workflow,Implement quote approval workflow backend,P1,Development Pending,24,REQ-002,Backend Team,,backend;quotations;workflow
QUOT-004,Quotations,Quote Versioning,Implement quote versioning and amendment system,P2,Development Pending,20,QUOT-001,Backend Team,,backend;quotations
QUOT-005,Quotations,Quote Expiry Handling,Implement automatic quote expiry and notification logic,P2,Development Pending,12,QUOT-001,Backend Team,,backend;quotations
QUOT-006,Quotations,Quotation Service Tests,Write unit tests for quotation service,P1,Testing Pending,12,QUOT-001,QA Team,,testing;unit;quotations
QUOT-007,Quotations,Quote Submission Tests,Write integration tests for quote submission flow,P1,Testing Pending,16,QUOT-001,QA Team,,testing;integration;quotations
QUOT-008,Quotations,Quote Comparison E2E,Write E2E tests for quotation comparison feature,P1,Testing Pending,16,TEST-001,QA Team,,testing;e2e;quotations
QUOT-009,Quotations,PDF Generation Integration,Integrate PDF generation service for quotations,P1,Integration Pending,16,QUOT-001,Backend Team,,integration;pdf;quotations
QUOT-010,Quotations,Real-time Quote Updates,Integrate real-time quote status updates,P2,Integration Pending,12,REAL-001,Backend Team,,integration;realtime;quotations
PO-001,Purchase Orders,PO Creation Backend,Build purchase order creation backend,P0,Development Pending,36,QUOT-002,Backend Team,,backend;po
PO-002,Purchase Orders,PO Approval Workflow,Implement PO approval workflow backend,P0,Development Pending,32,REQ-002,Backend Team,,backend;po;workflow
PO-003,Purchase Orders,PO Tracking Backend,Build PO tracking and status update backend,P1,Development Pending,24,PO-001,Backend Team,,backend;po;tracking
PO-004,Purchase Orders,Vendor PO Acceptance,Build vendor PO acceptance backend logic,P1,Development Pending,20,PO-001,Backend Team,,backend;po;vendor
PO-005,Purchase Orders,PO Modification Logic,Implement PO amendment and modification logic,P2,Development Pending,24,PO-001,Backend Team,,backend;po
PO-006,Purchase Orders,PO Form Tests,Write unit tests for PO form components,P1,Testing Pending,12,None,QA Team,,testing;unit;po
PO-007,Purchase Orders,PO API Integration Tests,Write integration tests for PO APIs,P1,Testing Pending,16,PO-001,QA Team,,testing;integration;po
PO-008,Purchase Orders,PO Workflow E2E Tests,Write E2E tests for complete PO workflow,P1,Testing Pending,24,TEST-001,QA Team,,testing;e2e;po
PO-009,Purchase Orders,ERP Integration Planning,Plan ERP system integration architecture (future phase),P3,Integration Pending,40,PO-003,Backend Team,,integration;erp;planning
PO-010,Purchase Orders,Real-time PO Updates,Integrate real-time PO status updates,P2,Integration Pending,12,REAL-001,Backend Team,,integration;realtime;po
PAY-001,Payments,Payment Milestone Backend,Build payment milestone tracking backend,P1,Development Pending,32,PO-003,Backend Team,,backend;payments
PAY-002,Payments,Payment Gateway Integration,Integrate Stripe/Razorpay payment processing,P1,Development Pending,40,PAY-001,Backend Team,,backend;payments;integration
PAY-003,Payments,Work Completion Backend,Build work completion verification backend,P1,Development Pending,24,PO-003,Backend Team,,backend;payments;verification
PAY-004,Payments,Invoice Generation,Build automated invoice generation backend,P1,Development Pending,28,PAY-001,Backend Team,,backend;payments;invoices
PAY-005,Payments,Payment Reconciliation,Implement payment reconciliation logic,P2,Development Pending,24,PAY-002,Backend Team,,backend;payments
PAY-006,Payments,Payment Logic Tests,Write unit tests for payment calculation logic,P1,Testing Pending,12,PAY-001,QA Team,,testing;unit;payments
PAY-007,Payments,Payment Gateway Tests,Write integration tests with payment gateway sandbox,P1,Testing Pending,20,PAY-002,QA Team,,testing;integration;payments
PAY-008,Payments,Payment Flow E2E Tests,Write E2E tests for complete payment flow,P1,Testing Pending,20,TEST-001,QA Team,,testing;e2e;payments
PAY-009,Payments,Payment Webhook Setup,Configure payment gateway webhooks for status updates,P1,Integration Pending,16,PAY-002,Backend Team,,integration;webhooks;payments
PAY-010,Payments,Accounting Integration,Plan accounting system integration (future phase),P3,Integration Pending,40,PAY-005,Backend Team,,integration;accounting;planning
MSG-001,Messaging,Real-time Messaging Backend,Build real-time messaging backend with WebSocket/Supabase Realtime,P1,Development Pending,48,REAL-001,Backend Team,,backend;messaging;realtime
MSG-002,Messaging,Message Persistence,Implement message history and persistence,P1,Development Pending,24,MSG-001,Backend Team,,backend;messaging;database
MSG-003,Messaging,Notification System Backend,Build notification system backend,P1,Development Pending,32,AUTH-001,Backend Team,,backend;notifications
MSG-004,Messaging,Email Notification Service,Integrate email notification service (SendGrid/SES),P1,Development Pending,20,MSG-003,Backend Team,,backend;notifications;email
MSG-005,Messaging,Push Notification Service,Integrate push notification service (FCM),P2,Development Pending,24,MSG-003,Backend Team,,backend;notifications;push
MSG-006,Messaging,In-app Notification Center,Build in-app notification center backend,P1,Development Pending,20,MSG-003,Backend Team,,backend;notifications
MSG-007,Messaging,Messaging Service Tests,Write unit tests for messaging service,P1,Testing Pending,16,MSG-001,QA Team,,testing;unit;messaging
MSG-008,Messaging,Real-time Feature Tests,Write integration tests for real-time features,P1,Testing Pending,20,MSG-001,QA Team,,testing;integration;realtime
MSG-009,Messaging,Chat E2E Tests,Write E2E tests for chat functionality,P1,Testing Pending,24,TEST-001,QA Team,,testing;e2e;messaging
MSG-010,Messaging,Email Service Integration,Complete email service integration and templates,P1,Integration Pending,16,MSG-004,Backend Team,,integration;email
DASH-001,Dashboard,Dashboard Metrics Backend,Build dashboard metrics aggregation backend,P1,Development Pending,28,AUTH-001,Backend Team,,backend;dashboard;analytics
DASH-002,Dashboard,Analytics Data Pipeline,Build analytics data aggregation pipeline,P2,Development Pending,32,DASH-001,Backend Team,,backend;dashboard;analytics
DASH-003,Dashboard,Custom Report Generation,Implement custom report generation backend,P2,Development Pending,28,DASH-001,Backend Team,,backend;dashboard;reports
DASH-004,Dashboard,Export Functionality,Build CSV/PDF export functionality,P2,Development Pending,20,DASH-003,Backend Team,,backend;dashboard;export
DASH-005,Dashboard,Real-time Dashboard Updates,Implement real-time dashboard metric updates,P2,Development Pending,20,REAL-001,Backend Team,,backend;dashboard;realtime
DASH-006,Dashboard,Analytics Service Tests,Write unit tests for analytics service,P1,Testing Pending,12,DASH-001,QA Team,,testing;unit;dashboard
DASH-007,Dashboard,Dashboard API Tests,Write integration tests for dashboard APIs,P1,Testing Pending,16,DASH-001,QA Team,,testing;integration;dashboard
DASH-008,Dashboard,Large Dataset Performance Tests,Performance testing for dashboard with large datasets,P2,Testing Pending,16,DASH-001,QA Team,,testing;performance;dashboard
DASH-009,Dashboard,Analytics Integration,Integrate Google Analytics or Mixpanel,P2,Integration Pending,16,DASH-002,Backend Team,,integration;analytics
DASH-010,Dashboard,Real-time Data Subscriptions,Set up Supabase Realtime subscriptions for live data,P2,Integration Pending,12,REAL-001,Backend Team,,integration;realtime;dashboard
APPR-001,Approvals,Approval Matrix Backend,Build approval matrix configuration backend,P0,Development Pending,32,AUTH-001,Backend Team,,backend;approvals;workflow
APPR-002,Approvals,Multi-level Approval Logic,Implement multi-level approval workflow logic,P0,Development Pending,36,APPR-001,Backend Team,,backend;approvals;workflow
APPR-003,Approvals,Approval Delegation,Implement approval delegation backend,P1,Development Pending,20,APPR-001,Backend Team,,backend;approvals
APPR-004,Approvals,Approval Audit Trail,Build approval history and audit trail backend,P1,Development Pending,24,APPR-002,Backend Team,,backend;approvals;audit
APPR-005,Approvals,Emergency Bypass Logic,Complete emergency approval bypass logic,P1,Development Pending,16,APPR-002,Backend Team,,backend;approvals;emergency
APPR-006,Approvals,Approval Logic Tests,Write unit tests for approval workflow logic,P1,Testing Pending,16,APPR-002,QA Team,,testing;unit;approvals
APPR-007,Approvals,Approval API Tests,Write integration tests for approval APIs,P1,Testing Pending,16,APPR-001,QA Team,,testing;integration;approvals
APPR-008,Approvals,Approval Flow E2E Tests,Write E2E tests for complete approval flows,P1,Testing Pending,20,TEST-001,QA Team,,testing;e2e;approvals
APPR-009,Approvals,Approval Notifications,Integrate notification system with approval workflows,P1,Integration Pending,12,MSG-003,Backend Team,,integration;notifications;approvals
APPR-010,Approvals,Calendar Integration,Integrate calendar for approval deadline tracking,P2,Integration Pending,16,APPR-002,Backend Team,,integration;calendar;approvals
DOC-001,Documents,Supabase Storage Setup,Set up Supabase Storage buckets and policies,P0,Integration Pending,16,None,Backend Team,,integration;storage;setup
DOC-002,Documents,Document Upload Backend,Build document upload backend with Supabase Storage,P0,Development Pending,28,DOC-001,Backend Team,,backend;documents;storage
DOC-003,Documents,Document Versioning,Implement document versioning system,P1,Development Pending,24,DOC-002,Backend Team,,backend;documents;versioning
DOC-004,Documents,Document Access Control,Implement document RLS (Row Level Security) policies,P0,Development Pending,20,DOC-001,Backend Team,,backend;documents;security
DOC-005,Documents,Document Preview Service,Build document preview service integration,P2,Development Pending,24,DOC-002,Backend Team,,backend;documents;preview
DOC-006,Documents,Document Search,Implement document search and tagging backend,P2,Development Pending,20,DOC-002,Backend Team,,backend;documents;search
DOC-007,Documents,Document Service Tests,Write unit tests for document service,P1,Testing Pending,12,DOC-002,QA Team,,testing;unit;documents
DOC-008,Documents,File Upload Tests,Write integration tests for file upload functionality,P1,Testing Pending,16,DOC-002,QA Team,,testing;integration;documents
DOC-009,Documents,Large File Upload Tests,Test large file upload (multi-part upload),P1,Testing Pending,12,DOC-002,QA Team,,testing;integration;documents
DOC-010,Documents,Virus Scanning Integration,Integrate virus scanning service for uploads,P2,Integration Pending,20,DOC-002,Backend Team,,integration;security;documents
PROF-001,Professional,Professional Profile Backend,Build professional profile management backend,P1,Development Pending,32,AUTH-001,Backend Team,,backend;professional
PROF-002,Professional,Skills Verification,Implement skills and certification verification backend,P2,Development Pending,28,PROF-001,Backend Team,,backend;professional;verification
PROF-003,Professional,Opportunity Matching,Build opportunity matching algorithm for professionals,P1,Development Pending,32,PROF-001,Backend Team,,backend;professional;ai
PROF-004,Professional,Calendar Backend,Build professional calendar and availability backend,P1,Development Pending,24,PROF-001,Backend Team,,backend;professional;calendar
PROF-005,Professional,Project Assignment,Implement project assignment logic for professionals,P1,Development Pending,20,PROF-001,Backend Team,,backend;professional;projects
PROF-006,Professional,Professional Service Tests,Write unit tests for professional service,P1,Testing Pending,12,PROF-001,QA Team,,testing;unit;professional
PROF-007,Professional,Matching Logic Tests,Write integration tests for opportunity matching,P1,Testing Pending,16,PROF-003,QA Team,,testing;integration;professional
PROF-008,Professional,Professional Flow E2E,Write E2E tests for professional workflows,P1,Testing Pending,20,TEST-001,QA Team,,testing;e2e;professional
PROF-009,Professional,Calendar Integration,Integrate Google Calendar API,P2,Integration Pending,20,PROF-004,Backend Team,,integration;calendar;professional
PROF-010,Professional,Certification Verification,Integrate third-party certification verification service,P2,Integration Pending,24,PROF-002,Backend Team,,integration;verification;professional
LOG-001,Logistics,Logistics Vendor Backend,Build logistics vendor management backend,P1,Development Pending,32,VEND-001,Backend Team,,backend;logistics
LOG-002,Logistics,Fleet Management Backend,Build fleet management backend,P1,Development Pending,28,LOG-001,Backend Team,,backend;logistics;fleet
LOG-003,Logistics,Delivery Tracking System,Build delivery tracking system backend,P1,Development Pending,36,LOG-001,Backend Team,,backend;logistics;tracking
LOG-004,Logistics,Route Optimization,Implement route optimization logic,P2,Development Pending,32,LOG-003,Backend Team,,backend;logistics;optimization
LOG-005,Logistics,Proof of Delivery,Build proof of delivery backend with image upload,P1,Development Pending,24,LOG-003,Backend Team,,backend;logistics;pod
LOG-006,Logistics,Logistics Service Tests,Write unit tests for logistics service,P1,Testing Pending,12,LOG-001,QA Team,,testing;unit;logistics
LOG-007,Logistics,Tracking API Tests,Write integration tests for tracking APIs,P1,Testing Pending,16,LOG-003,QA Team,,testing;integration;logistics
LOG-008,Logistics,Delivery Flow E2E Tests,Write E2E tests for complete delivery flow,P1,Testing Pending,20,TEST-001,QA Team,,testing;e2e;logistics
LOG-009,Logistics,GPS Tracking Integration,Integrate GPS tracking service,P2,Integration Pending,24,LOG-003,Backend Team,,integration;gps;logistics
LOG-010,Logistics,Map Service Integration,Integrate Google Maps API for route visualization,P2,Integration Pending,16,LOG-003,Backend Team,,integration;maps;logistics
CROSS-001,Infrastructure,Error Logging Service,Implement centralized error logging service,P1,Development Pending,20,None,Backend Team,,backend;infrastructure;logging
CROSS-002,Infrastructure,API Rate Limiting,Implement API rate limiting middleware,P1,Development Pending,16,AUTH-001,Backend Team,,backend;infrastructure;security
CROSS-003,Infrastructure,Caching Strategy,Implement caching strategy (Redis/memory),P1,Development Pending,24,None,Backend Team,,backend;infrastructure;performance
CROSS-004,Infrastructure,Database Migrations,Set up database migration system (Supabase migrations),P0,Integration Pending,16,None,Backend Team,,integration;database;migrations
CROSS-005,Infrastructure,Backup Procedures,Implement database backup and recovery procedures,P1,Development Pending,20,CROSS-004,Backend Team,,backend;infrastructure;backup
CROSS-006,Infrastructure,Performance Monitoring,Set up performance monitoring (Datadog/New Relic),P2,Integration Pending,24,None,DevOps Team,,integration;monitoring;performance
CROSS-007,Infrastructure,Security Audit,Conduct comprehensive security audit,P1,Testing Pending,40,AUTH-010,Security Team,,testing;security;audit
TEST-001,Testing,E2E Test Setup,Set up Playwright/Cypress for E2E testing,P1,Testing Pending,24,None,QA Team,,testing;setup;e2e
TEST-002,Testing,Unit Test Infrastructure,Set up Jest and RTL for unit testing,P1,Testing Pending,16,None,QA Team,,testing;setup;unit
TEST-003,Testing,Test Coverage Target,Achieve 80% unit test coverage across codebase,P1,Testing Pending,80,TEST-002,QA Team,,testing;coverage;unit
TEST-004,Testing,Integration Test Suite,Build comprehensive integration test suite,P1,Testing Pending,60,TEST-002,QA Team,,testing;integration
TEST-005,Testing,Performance Testing Setup,Set up Lighthouse and k6 for performance testing,P2,Testing Pending,20,None,QA Team,,testing;setup;performance
TEST-006,Testing,Cross-browser Testing,Test application across Chrome/Firefox/Safari/Edge,P1,Testing Pending,24,TEST-001,QA Team,,testing;compatibility
TEST-007,Testing,Mobile Responsive Testing,Test mobile responsiveness across devices,P1,Testing Pending,20,None,QA Team,,testing;mobile
TEST-008,Testing,Accessibility Testing,Conduct WCAG 2.1 AA accessibility testing,P1,Testing Pending,24,None,QA Team,,testing;accessibility
INTG-001,Integration,Supabase Database Setup,Set up Supabase project and database schema,P0,Integration Pending,20,None,Backend Team,,integration;database;setup
INTG-002,Integration,Supabase Auth Setup,Configure Supabase Auth providers and settings,P0,Integration Pending,12,INTG-001,Backend Team,,integration;auth;setup
STOR-001,Integration,Supabase Storage Setup,Configure Supabase Storage buckets and RLS,P0,Integration Pending,16,INTG-001,Backend Team,,integration;storage;setup
REAL-001,Integration,Supabase Realtime Setup,Set up Supabase Realtime subscriptions,P1,Integration Pending,20,INTG-001,Backend Team,,integration;realtime;setup
INTG-005,Integration,CI/CD Pipeline,Set up CI/CD pipeline (GitHub Actions),P1,Integration Pending,24,None,DevOps Team,,integration;cicd;setup
INTG-006,Integration,Error Tracking Integration,Integrate Sentry for error tracking,P1,Integration Pending,12,CROSS-001,DevOps Team,,integration;monitoring;errors
AI-001,Integration,AI Service Planning,Plan AI integration for recommendations and matching,P2,Integration Pending,40,None,Backend Team,,integration;ai;planning